"Date","From","Duration","Activity","Description"
"2025-05-04","08:00","29800","[AUTOLOG-1] Series Edit Page","implemented series edit page"
"2025-05-04","09:00","30200","[AUTOLOG-1] Series Edit Page","added validations to edit form"
"2025-05-04","10:00","28800","[AUTOLOG-1] Series Edit Page","fixed bug in save logic"
"2025-05-04","11:00","30500","[AUTOLOG-1] Series Edit Page","UI refinements and edge case handling"
"2025-05-04","12:00","29000","[AUTOLOG-1] Series Edit Page","code cleanup and linting"

"2025-05-07","11:00","10800","[AUTOLOG-2] Auto White Balancing",""
"2025-05-07","12:00","11200","[AUTOLOG-2] Auto White Balancing","tuned gain control logic"
"2025-05-07","13:00","10400","[AUTOLOG-2] Auto White Balancing","tested on low light input"
"2025-05-07","14:00","10900","[AUTOLOG-2] Auto White Balancing","improved convergence speed"
"2025-05-07","15:00","10600","[AUTOLOG-2] Auto White Balancing","reviewed ISP logs"

"2025-05-05","08:00","21600","[AUTOLOG-3] Authentication","refactored authentication code"
"2025-05-05","09:00","22200","[AUTOLOG-3] Authentication","added support for token renewal"
"2025-05-05","10:00","21000","[AUTOLOG-3] Authentication","migrated to JWT"
"2025-05-05","11:00","23000","[AUTOLOG-3] Authentication","error handling improvements"
"2025-05-05","12:00","20000","[AUTOLOG-3] Authentication","logging and analytics hooks"

"2025-05-05","08:00","21600","[AUTOLOG-33] Authentication","refactored authentication code"
"2025-05-05","09:00","22200","[AUTOLOG-33] Authentication","handled SSO integration"
"2025-05-05","10:00","21000","[AUTOLOG-33] Authentication","deprecated old auth API"
"2025-05-05","11:00","23000","[AUTOLOG-33] Authentication","auth-related unit tests"
"2025-05-05","12:00","20000","[AUTOLOG-33] Authentication","minor fixes and doc updates"
